{"cameraMode":{"drawMode":0,"name":"Shaded","section":"Shading Mode"},"sceneLighting":true,"audioPlay":false,"sceneViewState":{"m_AlwaysRefresh":false,"showFog":true,"showSkybox":true,"showFlares":true,"showImageEffects":true,"showParticleSystems":true,"showVisualEffectGraphs":true,"m_FxEnabled":true},"in2DMode":false,"pivot":{"x":316.7027587890625,"y":115.72835540771485,"z":-448.5098876953125},"rotation":{"x":-0.040771905332803729,"y":0.038056205958127978,"z":-0.0015189261175692082,"w":-0.9984889626502991},"size":14.732004165649414,"orthographic":false}